RespondentCity,count
HOMESTEAD,25
HILLSDALE,16
BLUEFIELD,14
PORTER,11
TAZEWELL,11
HENRY,11
LAURENS,3
ALICE,7
IXONIA,11
VIRDEN,1
PIGEON FALLS,11
DEFOREST,7
LONOKE,11
NORTH RIVERSIDE,7
CHIEFLAND,11
REHOBOTH BEACH,10
MERRIMAC,9
FRONT ROYAL,13
SAN BERNARDINO,22
BURNSVILLE,13
HIALEAH,8
GEORGE WEST,8
SNOQUALMIE,4
EVA,8
GOLD CANYON,3
CHAMOIS,8
POWAY,4
CAPE VINCENT,3
GREENVILLE,203
DYERSBURG,11
STILLWATER,18
KINGSTON,62
COLORADO SPRINGS,151
NATIONAL CITY,14
KELLER,4
MT,41
WAGONER,11
ROBERTS,2
TOWER,2
ELKIN,7
PLEASANT GROVE,3
YPSILANTI,6
TUSCUMBIA,11
QUEBRADILLAS,11
NORTH BRUNSWICK,6
LEESBURG,3
STONE HARBOR,8
UNIONTOWN,8
JOSEPH,7
CABOT,1
LIBERTY TOWNSHIP,1
BREAUX BRIDGE,16
TIPTON,20
GLEN ALLEN,49
PEORIA,44
POTOSI,6
PITTSFIELD,61
LAWSON,10
MCKENZIE,11
WOODRUFF,14
WHITE OAK,14
ALCOA,11
GROVE CITY,11
ENUMCLAW,10
ALIQUIPPA,6
AMHERST,9
JELLICO,4
WINDTHORST,6
BALLY,6
GARDEN GROVE,4
DANVILLE,94
ELMER,11
HIGHLAND VILLAGE,6
FLEETWOOD,11
FORT WAYNE,123
SCHERTZ,10
HAHIRA,11
WABASHA,11
OOLOGAH,11
HAVERHILL,23
GNADENHUTTEN,2
ERIE,66
CATAWBA,11
MANASSAS,7
NORTH AUGUSTA,11
ALTAMONTE SPRINGS,16
CAPE GIRARDEAU,18
SCARBOROUGH,1
MATAWAN,1
ELK GROVE VILLAGE,9
STAFFORD,2
CANFIELD,13
GATESVILLE,11
LEE,20
WEST ALLIS,38
FOUR OAKS,10
CAPAC,11
COCOA BEACH,13
GUTHRIE,15
WALL,14
ARGENTA,10
ONARGA,11
PROVINCETOWN,11
TIMONIUM,7
SOLVANG,3
WESTLAND,10
MACCLENNY,10
HARRISONBURG,11
MASSILLON,13
BAILEYVILLE,11
JOHNS CREEK,5
BELTSVILLE,8
COMANCHE,9
LE CENTER,8
COUNCIL GROVE,1
ALISO VIEGO,3
MARYLAND HEIGHTS,4
SEEKONK,3
ORANGE COUNTY,7
RIO PIEDRAS,7
BEMIDJI,3
OGDEN,65
MEEKER,3
ARCADIA,35
NICEVILLE,11
ARROYO GRANDE,1
TALLAHASSEE,102
SULPHUR SPRINGS,11
MADISON HEIGHTS,3
GLEN BURNIE,35
OSHKOSH,43
GLEN COVE,20
HILLIARD,10
HICKORY,2
COULEE DAM,6
FABENS,7
COPPEL,6
BAYSHORE,2
WEST PEARL STREET,1
NARBERTH,9
ABBEVILLE,19
MCLEAN,43
ESSINGTON,11
OAKBROOK TERRACE,6
CANONSBURG,11
LINCOLNTON,16
HARTSDALE,8
FRANKLIN SQUARE,2
NEW WINDSOR,7
NEW SALEM,8
LIMERICK,8
PALMYRA,3
SCOTTSBLUFF,18
FULLERTON,17
OCEAN CITY,20
REDWOOD CITY,41
WARRENVILLE,22
MASHPEE,1
ALSIP,4
DIAMOND BAR,20
FREDERIKA,8
1451 ROOSEVELT AVE S,2
CHEVY CAHSE,1
MEADVILLE,1
Spokane,1
SOUTH FORK,3
ROYERSFORD,3
PORT NEHCES,1
EMLENTON,11
HARTFORD,73
HARLEYSVILLE,16
KINGSVILLE,10
SAN ANGELO,51
WARRENTON,40
HINTON,17
HAWESVILLE,11
CHARLES TOWN,11
TURBEVILLE,3
MARKLE,6
KINSTON,10
LAKEWAY,4
CAMDEN,34
BRYANT,9
EAGAN,10
SEBRING,4
WATFORD CITY,7
DUPONT,6
Orange,1
COAHOMA,6
SAINT GEORGE,17
EVAN,2
BEATRICE,2
SIOUX CITY,49
WHEELING,33
MIDDLETOWN,113
TOLEDO,59
ORLANDO,138
EAST GREENWICH,7
TEMPE,59
APOLLO,11
HERMANN,6
SAN JOSE,118
SAN LUIS OBISPO,37
SHEPHERD,7
ELLETTSVILLE,11
SWEENY,3
MACHESNEY PARK,5
FALL RIVER,59
GRIFFITH,5
BINGHAMTON,25
WOLLOWICK,1
PERTH AMBOY,1
SANTA MARGARITA,1
HANOVER,1
ROTHVILLE,7
MOUNT CARMEL,3
CARMEL,31
BAGLEY,11
BENTONVILLE,1
TUCSON,127
STANLEY,13
SAPULPA,11
MOYOCK,3
CRAWFORD,11
WILSONVILLE,3
FOSSTON,3
HARWOOD HEIGHTS,10
HOQUIAM,11
EDGEWATER,21
ROCK RAPIDS,10
PETERBOROUGH,5
BOUNTIFUL,12
MERRIT ISLAND,1
CAPARRA,8
LEMMON,2
GOFF,4
POWHATAN POINT,2
MARINETTE,11
SO SIOUX CITY,4
VALENCIA,7
OKARCHE,4
BROOK,11
FREDERICKSUBURG,1
MADISONVILLE,11
BERNARDSVILLE,6
TAMARAC,5
LAVALE,7
LIMA,18
CERRITOS,33
NEW BRITAIN,11
RIVER EDGE,8
ATASCADERO,3
SULLIGENT,9
WELCH,4
WILLIAMSTON,5
EARTH CITY,6
PARLDALE,1
SANTA FE,58
CANANDAIGUA,18
BARABOO,13
MASSENA,3
PERRY,30
EDWARDSVILLE,31
GALESVILLE,11
OAK GROVE,11
MANTENO,11
HUNTSVILLE,66
RANDOLPH,21
GURABO,9
JOY,9
DIBOLL,9
NEVADA CITY,3
ERIN,10
COROZAL,10
WOONSOCKET,8
APEX,7
YARMOUTH PORT,6
RED BLUFF,5
ARDEN,3
WAUCHULA,4
ALTAVISTA,11
WOOSTER,14
CHIPPEWA FALLS,11
BRUCETON MILLS,11
MARLTON,46
POTOMAC,9
HALEYVILLE,11
RIO VISTA,9
CONRAD,2
GREENBRIER,11
PORT ORANGE,4
PUTNAM,13
ECORSE,10
RADCLIFF,20
MILLINOCKET,11
LARGO,15
PHILLIPSBURG,10
SOUTH,3
MEQUON,3
CASA GRANDE,10
MARINE ON SAINT CROIX,8
CAOMA,3
TUCKERTON,2
FORREST,7
LOTT,4
WRAY,6
ARKANSAS CITY,2
BERRIEN SPRINGS,1
ISSAQUAH,1
PENNSVILLE,19
PORTLAND,294
WARDENSVILLE,11
FAYETTEVILLE,114
WHEATON,15
HINSDALE,13
CONOVER,1
OAKWOOD,2
DARDANELLE,11
WORTH,10
HERSHEY,3
EL CENTRO,30
SECAUCUS,3
WHITMORE LAKE,2
BROOKFILD,3
SCOTT CITY,3
KINGSLEY,7
BEAVER DAM,7
MACOMB,2
EAST LANSING,61
LOUISA,11
SOLON,16
SPOKANE,170
DERIDDER,15
CAMPBELLSBURG,11
BLAIRSVILLE,18
MORGAN CITY,11
EUGENE,66
BELLINGHAM,51
ROCKY HILL,11
WILKES BARRE,25
CLATSKANIE,11
FALCON HEIGHTS,11
CROWN POINT,10
ISABELA,8
HAINES CITY,2
CONEMAUGH,7
CHUBBUCK,15
HUSTON,2
BAY SHORE,1
SUFFIELD,11
MUNDAY,5
VERSAILLES,20
CORYDON,13
JENA,11
LYNDONVILLE,1
PARKVILLE,10
AVENTURA,5
WELLSTON,7
TUCKER,8
MC LEAN,19
MC KENNEY,5
EVEREST,8
WEST HEMPSTEAD,3
CAIRO,3
LAFAYETTE,128
FAIRFAX,162
CHANCELLOR,2
LITTLE VALLEY,11
SPIRO,10
PACIFIC,11
MIDDLEBORO,5
PICKENS,11
CHEVY CHASE,3
ENDWELL,6
SANTA CRUZ,24
POPLAR BLUFF,29
CORONADO,7
PORT CHESTER,2
SOUTH WEYMOUTH,8
KIRTLAND AIR FORCE BASE,1
GRINNELL,6
STURBRIDGE,1
BENTON,15
MUSKOGEE,25
NASHWAUK,11
MAZEPPA,2
FRANKSTON,3
DENMARK,11
BLUE GRASS,11
ADVANCE,3
RUMSON,3
WARMINSTER,26
TALLAHASSE,1
PLATTEVILLE,10
IOWA FALLS,7
JEFFERSONVILLE,1
GLOVERSVILLE,2
CHATFIELD,3
NEW WATERFORD,1
SANTO,2
SHAWNEE,16
MADILL,2
CLARKS SUMMIT,15
SEARCY,8
BARLOW,4
VERMILLION,11
BARNWELL,3
SCHOFIELD,12
HAZEL GREEN,11
EUREKA,27
SOUTHAVEN,3
WEST COVINA,22
PARAMUS,21
WILLIMANTIC,11
WATONGA,8
JENKS,4
PETERSTOWN,1
LOUISE,8
LA CANADA FLINTRIDGE,6
TWINSBURG,7
ALTO PASS,5
SALT LAKE CITY,265
SCOTTSDALE,126
ALGONQUIN,11
STREATOR,10
MAPLE LAKE,8
SPRING HILL,6
SOUTH SIOUX CITY,32
EDGEWOOD,23
CARLSBAD,18
AZLE,2
ORLAND PARK,29
ESCONDIDO,13
AIKEN,21
TOOELE,3
COOPER,6
LA VISTA,9
POSEYVILLE,6
MILWAUKIE,28
ENDICOTT,5
LIBBY,7
SAN PEDRO,5
LEHI,2
LOS ALAMOS,15
NEDERLAND,13
GREEN BAY,62
HAZELWOOD,10
LUZERNE,11
BOLIVAR,14
ORION,11
CAVALIER,11
SPRINGVILLE,20
BLUE MOUND,2
SARTELL,11
CLIFTON,30
LOOMIS,1
ROSLYN,4
SAN FERNANDO,11
FOOTHILL RANCH,7
LYNN HAVEN,1
FAIRFIELD,76
FLORENCE,88
CARTERSVILLE,20
RICHMOND,175
EL MONTE,19
FENTON,26
JOURDANTON,9
FLOWOOD,29
WAKEFIELD,26
ST GEORGE,3
POTTSTOWN,22
SUNNYSIDE,11
EUCLID,9
SAN BRUNO,9
SPRINGFIELDQ,1
RANCHO MIRAGE,1
MURPHYSBORO,4
HOLSTEIN,4
COLOMBIA,1
FISHER,11
OKLAHOMA CITY,314
SEGUIN,11
GARDNER,32
VINELAND,58
SUGAR LAND,51
OGALLALA,11
ROANOKE,64
OVERBROOK,15
TANEYTOWN,3
MARYVILLE,42
TRIPOLI,10
DETROIT LAKES,9
CLEARFIELD,22
LEWIS CENTER,9
KANKAKEE,14
BELLE GLADE,11
BROOKLINE,26
CLOVER,11
TEANECK,10
ST FRANCIS,3
SEA ISLE CITY,11
MORGANTON,10
PLYMOUTH MEETING,35
LATHAM,24
KAILUA,10
SUMMIT,5
CORONA DEL MAR,7
MOUNT ZION,5
SOUTH BRUNSWICK TOWNSHIP,2
LARCHWOOD,3
SCENIC OAKS,2
FORT SMITH,20
SUMTER,14
WINONA,11
BEACHWOOD,8
HEBER SPRINGS,5
INDUSTRY,11
RIDGEWOOD,11
PRAIRIE VILLAGE,11
LAVISTA,1
WACONIA,8
BAYONNE,15
STRABANE,11
FORD CITY,22
SAINT JOSEPH,49
STORM LAKE,18
CHEVIOT,10
PINELLAS PARK,1
COWETA,10
COLD SPRING,21
LAMAR,29
CHARLESTON,137
VICTOR,11
WEST CONCORD,10
OSSIAN,10
BELZONI,21
FINLAYSON,6
YORK,66
WAUKEGAN,30
BELLE CHASSE,11
MAYAGUEZ,10
WAKE FOREST,11
CLARK,11
ELM GROVE,1
HUNTINGTON BEACH,22
SOUTH EASTON,10
HUMMELSTOWN,8
LOYAL,8
ALBEMARLE,4
SUGARLAND,2
CUPERTINO,2
LIVERPOOL,10
BROOKSVILLE,16
DESOTO,11
PALM SPRINGS,2
PALO ALTO,36
YUMA,39
GASSAWAY,7
SAN JUAN,297
HERSCHER,10
KAMPSVILLE,11
OWENSVILLE,3
ONEIDA,13
WOODLAND PARK,14
KENT,28
DAVISON,6
SEAL BEACH,13
SOUTH FLORIDA,2
WEST MIAMI,9
PALM COAST,9
PALMDALE,10
MANHASSET,7
DANA,3
FT MYERS,3
SAN JAUN,2
BARDONIA,7
CRYSTAL RIVER,2
BISMRACK,1
MILFORD,118
LONGVIEW,105
MIDLAND,110
CLAY,11
GRANTSVILLE,11
WEST WARWICK,11
HARVEY,3
MUSKEGON,72
PALM DESERT,26
ROBBINSVILLE,7
TULLAHOMA,19
YORKTOWN,11
NORTH HIGHLANDS,8
ST MARYS,1
TRINIDAD,2
GROVE,4
BEULAH,4
MAYPEARL,8
ROWAYTON,1
OAKLAND,89
FARMERS BRANCH,6
ARKADELPHIA,19
BAYTOWN,13
GOWER,3
LITTLEFIELD,18
OAKRIDGE,1
WELLESLEY,11
VALRICO,5
ASHLAND CITY,11
DYER,1
NORTH PROVIDENCE,8
PARCHMENT,10
BOGOTA,10
ARCOLA,1
HENRICO,8
EHRHARDT,8
HAGATNA,1
CARLINVILLE,16
MATTOOON,2
FERNANDINA BEACH,14
CHINO,8
BETTENDORF,31
SPRINGDALE,30
MEDWAY,14
PORT ALLEN,3
SAINT CHARLES,37
LUCAMA,6
FRANKFORT,45
TAUNTON,33
NEW CARLISLE,11
WALLINGTON,8
SOUTH MILWAUKEE,3
SUNRISE,26
BURTONSVILLE,3
BAYAMON,23
ELK MOUND,2
BROOKPARK,1
CLARKESVILLE,1
GRAYMONT,8
IPAVA,1
COXSACKIE,11
SOMERVILLE,77
SOUTH MIAMI,6
SALEM,165
ZEPHYRHILLS,4
HOLDINGFORD,4
SEYMOUR,25
AULT,11
BRANDON,11
NIANTIC,7
PELL CITY,21
ELLAVILLE,5
OXFORD,56
DANFORTH,11
OSCEOLA,9
BLAKELY,20
REDWOOD FALLS,20
NEEDHAM,27
ROSELLE,16
CARTERET,10
CRESTVIEW HILLS,8
W WAREHAM,1
JUNCOS,9
FORT BRAGG,6
HADDON TOWNSHIP,1
FORT PIERRE,8
WICHITA,188
ROSENBERG,3
PIKEVILLE,21
ELBERFELD,11
STOCKTON,58
LOHMAN,10
PORT WASHINGTON,11
VIRGINIA,24
THOMASTON,18
OLYMPIA,78
LYNN,62
CICERO,27
PLACERVILLE,14
MUNHALL,11
BLASDELL,11
FRANKENMUTH,18
CLIVE,17
ARECIBO,23
DENVILLE,3
MAYFIELD,13
LAKE WORTH,3
SHAWNEE MISSION,2
BEVERLY HILLS,7
LE ROY,3
FALMOUTH,13
BLYTHEVILLE,33
SHIPPENSBURG,11
BLACKSTONE,11
GREENWOOD,50
GREENEVILLE,32
BLAIR,22
CENTRAL CITY,17
ORANGEBURG,3
GUAYNABO,9
DELTA,11
MASPETH,11
LIVONIA,40
PENROSE,2
ADJUNTAS,7
SUN LAKES,3
LAKE ARIEL,2
EDMONTON,2
ESKRIDGE,9
TRAER,8
VICKSBURG,8
KEYSTONE,8
ALAMO,4
MARIETTA,76
FORT WALTON BEACH,65
FRANKLIN,126
DEPEW,4
DELTONA,3
CASEY,7
PALMER,19
LA GRANGE,17
CHURCH POINT,11
GIBSON CITY,11
CMCH,1
AGUADA,11
VESTAVIA HILLS,10
VALLEY STREAM,1
SAINT MARYS,12
DE GRAFF,5
ALBUQUERUE,7
SHERWOOD,4
FULDA,4
SPENCER,98
FAITH,3
PHENIX,10
RALEIGH,136
BYRON,21
ROCKLAND,29
MURRAY,48
KERMIT,3
MACHIAS,11
RENTON,15
WATERFORD,32
SHREVEPORT,49
SUGAR CREEK,3
EDISON,16
MOUNTAIN HOME,18
ERLANGER,8
SHOREVIEW,2
MOUNT VERNON,48
THREE RIVERS,13
FORT SILL,19
COVINGTON,107
WAYZATA,13
BREMEN,13
VAN BUREN,18
PHENIX CITY,20
KENNEBUNK,12
SOUTH WINDSOR,3
MANKATO,26
SOUTH ORANGE,5
HEBER CITY,10
LUGOFF,10
VERNON CENTER,8
MOCKSVILLE,6
VERNON,27
MARYSVILLE,32
HAMBURG,10
ELMIRA,22
BELTON,18
HONEA PATH,11
MOUNT OLIVE,11
BARDSTOWN,30
PORTERVILLE,12
ACWORTH,4
SOUTH CHARLESTON,7
GARDENA,35
WESTFORD,7
CHESTER SPRINGS,8
HORN LAKE,6
OCEAN SPRINGS,9
LINDON,5
OAKBROOK,5
ERICK,2
CENTERVILLE,10
AMARILLO,96
GLADSTONE,22
VANCEBURG,11
GLENWOOD,22
MONMOUTH,11
CASTLE ROCK,28
GLOUCESTER,29
BATH,54
SLEEPY EYE,12
BROOKHAVEN,3
WALFORD,6
ELIZABETHTON,49
DEVINE,8
ELLISVILLE,11
WARREN,87
HAM LAKE,3
GREAT FALLS,55
HOLYOKE,22
WALDEN,10
SISTERSVILLE,5
WAIPAHU,13
HARAHAN,12
EDWARDS AFB,3
PALESTINE,2
DONIPHAN,4
ST FRANCISVILLE,1
NY,1
DEERWOOD,1
CORPUS CHRISTI,112
RACINE,25
PANAMA CITY BEACH,9
ST JOSEPH,14
HARVARD,21
PINE RIVER,11
MABLETON,1
DELAND,18
JENSEN BEACH,3
SILVERTON,1
HOMEWOOD,4
HOUGHTON,10
WHIPPANY,5
LAKE ORION,10
TEMPLE CITY,4
MILES,7
RIDGELAND,4
WALDWICK,3
SEVEN FIELDS,4
SOUTH HILL,2
CENTREVILLE,10
HANNIBAL,22
BYERS,7
CONWAY,29
TREMONT,14
AKRON,69
NAVARRE,9
RAYMORE,11
OAKDALE,34
NEW BALTIMORE,4
LINCOLN,156
CRESCENT,5
CLINTONVILLE,1
WORTHINGTON,53
TOMS RIVER,36
PARSIPPANY,46
RIDLEY PARK,11
VENTURA,14
STODDARD,8
MUSKEGON HEIGHTS,1
QUEENS VILLAGE,1
LENOIR CITY,8
OWASSO,18
ANDERSON,48
GALESBURG,11
BRENTWOOD,31
NEW TAZEWELL,11
NEWBURG,11
BELGRADE,14
FELTON,4
MONONA,12
LITTLE FALLS,25
FARMINGVILLE,4
ELMIRA HEIGHTS,2
SOUTHGATE,3
SANT CRUZ,3
BALTO,2
HOTCHKISS,7
TAVARES,8
EPHRATA,11
KITTANNING,12
PHARR,19
DILWORTH,11
TAMPA,251
ONLEY,8
HARROGATE,11
NORMAL,25
MILLEDGEVILLE,11
MACKINAW,10
CARROLL,22
BUCKHOLTS,11
TUSTIN,20
MOROVIS,10
ARTESIA,10
METARIE,1
SAINT ELIZABETH,8
AURORA,84
GILMER,22
MOODY,8
WEST ST,2
SUWANEE,19
NEWBURGH,22
ABERDEEN,47
SPOKANE VALLEY,27
RUTLEDGE,11
HARDIN,22
AMERICAN FORK,11
MINERAL POINT,17
BESSEMER,11
WHEAT RIDGE,14
COLLINSVILLE,57
PLANT CITY,31
STERLING HEIGHTS,25
HENDERSONVILLE,12
WEST LAFAYETTE,14
LAGUNA HILLS,10
CARNEGIE,7
NOWATA,8
AMORY,9
FORT OGLETHORPE,9
SANTA FE SPRINGS,2
LEON,4
FARMINGDALE,8
BURKBURNETT,8
GRANITE FALLS,3
SAINT LIBORY,7
SAN ANOTNIO,1
MC GREGOR,2
ORE CITY,7
FORSYTH,27
DEL RIO,11
INDIANTOWN,9
FAIRBANKS,33
MONTEREY,31
DEDHAM,11
NORMAN,15
RANCHO CUCAMONGA,36
GRANITE CITY,19
MARRIOTTSVILLE,8
SLATER,9
BAR HARBOR,5
LINTHICUM HEIGHTS,6
OLD BRIDGE,14
HUGHES SPRINGS,11
CHRISTIANSBURG,13
ROCHELLE,11
HAGERSTOWN,24
NEOSHO,18
WILLARDS,11
ARTHUR,10
HAMMOND,49
CRYSTAL SPRINGS,8
PILESGROVE,8
ALICEVILLE,7
IVA,8
MCCAYSVILLE,1
LACON,10
BANGOR,51
BLANCO,10
GIRARD,11
DADE CITY,18
HASTINGS,25
BELT,11
EASTMAN,18
VANCOUVER,56
MOUNT STERLING,9
GOODFIELD,11
GRAND RAPIDS,185
SEAGOVILLE,11
VIVIAN,11
INVER GROVE HEIGHTS,17
FORT MITCHELL,17
PAINTED POST,15
CHEEKTOWAGA,12
NEWTOWN SQUARE,4
CORSICANA,7
PLEASATON,1
POTEAU,22
VALPARAISO,15
MIDWEST CITY,11
BRIDGEWATER,29
EL DORADO,11
SHEPHERDSTOWN,11
BRIMFIELD,10
BIDDEWFORD,1
CASTROVILLE,11
BROCKTON,28
WEYMOUTH,14
NITRO,20
MORGANFIELD,6
TIPP CITY,10
SCOTTSBURG,12
LA MARQUE,4
NOVI,23
WOODRIDGE,8
NORTHPORT,11
COQUILLE,8
LA PLACE,5
RTP,2
EXPORT,5
FOREST CITY,5
HODGENVILLE,17
DOWNERS GROVE,13
ELKHART,25
STOCKBRIDGE,34
ARP,11
EVERETT,105
LISLE,19
PARK RIDGE,13
HYATTSVILLE,6
LOMA LINDA,9
MEXICO,18
KOHLER,11
COAMO,12
ORADELL,5
ONCORD,1
VEGA ALTA,9
BENDENA,6
CHESTERBROOK,3
ORANGE,95
CONROE,12
MANHATTAN,49
CHERRY HILL,36
FORDYCE,11
MOVILLE,9
SHABBONA,4
BURNET,10
PASO ROBLES,11
CLERMONT,4
NEW HARTFORD,30
EAST HANOVER,13
VAN NUYS,13
SANTA MONICA,14
CHATOM,10
CORNELIUS,12
UPPER MARLBOBO,1
JERICO,3
MOLENA,2
HUMACAO,7
GRYGLA,2
MANITOWOC,22
BRILLION,16
KENOSHA,47
CHANDLER,30
DELANO,20
BOCA RATON,56
NEW MATAMORAS,8
BLACK EARTH,3
STONEHAM,17
METUCHEN,11
SUGAR GROVE,10
CHERRYVILLE,4
BIDDEFORD,23
PROCTOR,11
BREWER,12
MONTPELIER,11
RILEY,8
WHITEFISH,3
PLEASANT VIEW,2
CLYDE,2
GRAND MEADOW,6
SPARROWS POINT,5
MOOSE LAKE,19
STAMFORD,59
BARRINGTON,11
MINNETONKA,61
MCKINNEY,22
HILLS,11
DARLINGTON,13
WATHENA,11
SEELEY LAKE,7
LAPLACE,6
LAS PIEDRAS,9
HICKSVILLE,5
ROCKVILLE CETRE,4
RAVENSWOOD,2
BLUE ASH,1
DECATURVILLE,7
YREKA,4
BOYERTOWN,8
BELOIT,36
ALBION,21
OVERLAND PARK,137
NORTH SALEM,11
BRIGHTON,40
YAZOO CITY,11
SANFORD,33
CEDAR FALLS,29
ENTERPRISE,4
SANTA ROSA BEACH,1
BLOOMFIELD HILLS,21
KETTERING,12
FT GORDON,3
RICE,8
CHARLOTTE,226
WAMEGO,20
WIMBERLEY,3
CALEDONIA,14
BOSSIER CITY,33
WEST DES MOINES,111
FLOYD,10
HARTSVILLE,41
SEALY,11
SNOHOMISH,4
CITY OF INDUSTRY,21
FIFE,8
FLAGSTAFF,4
COON RAPIDS,22
HOSCHTON,11
MONESSEN,18
LEXINGTON PARK,12
KIRKLAND,11
CARLE PLACE,13
DELRAY BEACH,3
MOHEGAN LAKE,6
GARFIELD,9
SOUTH SAINT PAUL,5
BROOKINGS,4
SAINT JOHN,3
SANDPOINT,5
DULITH,4
LAREDO,53
SAN RAMON,40
BALDWIN,26
SPARTA,22
BREMOND,8
ROSCOE,22
DURHAM,71
MORTON,12
SAN CLEMENTE,1
MANASQUAN,3
CROFTON,4
ROLLING MEADOWS,14
TUMWATER,11
ROMULUS,11
LAUDERDALE LAKES,3
NOTTINGHAM,7
CENTRE,4
REDONDO BEACH,4
DALTON,18
LONG BRANCH,1
PENNINGTON GAP,22
SULLIVAN,12
CAPE CORAL,4
UNION CITY,19
COLEBROOK,11
POYNETTE,11
WRIGHT CITY,4
WILEY,9
WAUSAU,83
ODON,11
PAWTUCKET,12
SUNDOWN,4
WALLIS,6
COTTONWOOD HEIGHTS,4
LAS CRUCES,48
WAXAHACHIE,19
MEDFORD,89
LA JUNTA,21
NEW ROSS,3
EUNICE,11
LOVELAND,20
EVERGREEN PARK,5
NORTHVILLE,4
AYER,11
MECHANICSBURG,38
AUBURN HILLS,30
VALLEJO,4
MONROVIA,9
KIRLAND,1
ST CLAIRS SHORES,1
CONCRETE,1
LINN,15
BALLINGER,11
TOM BEAN,11
PONCA CITY,5
MOORE,4
MARATHON,6
BLOOMSDALE,11
ST LIBORY,3
SUNSET,11
WHITEWATER,10
EDWARDS,13
ROCK SPRING,4
GARDINER,5
PORT ST,3
WOODBRIDGE,35
FORT MCCLELLAN,3
GRAND BLANC,7
STEVENS POINT,1
KEYPORT,5
SILVER SPRING,3
RICHBORO,3
GIBSLAND,8
METAMORA,7
WOLCOTT,7
AUXVASSE,1
BROOKVILLE,30
ROCHESTER,236
LORAIN,42
WALDORF,14
MONTGOMERY,87
WATERBURY,25
PROVIDENCE,53
KENILWORTH,22
MOKENA,6
LURAY,9
HIBBING,11
SKIATOOK,11
MONTROSE,1
TOMAH,8
PRINCEVILLE,10
JENKINTOWN,4
PARKER,13
FOXBORO,10
PORT NECHES,22
SEATAC,12
BEDMINSTER,7
RANCHO CUCAMONGO,1
MANDEVILLE,3
MCCOMB,3
GRANTS,2
WASHINGTON,322
SAVANNAH,61
ROSEMOUNT,14
COLUMIBA,1
SKOKIE,23
CHESAPEAKE,45
MAGNOLIA,28
MARTINS FERRY,11
SUMNER,22
SAUGERTIES,11
HOUMA,33
ENCINO,14
OSAGE CITY,2
PLAINFIELD,13
NEWBURY,12
CHICOPEE,41
WATSEKA,11
PEARL RIVER,11
SPRING LAKE,2
SAN DIMAS,8
NORTH BABYLON,1
WISCONSIN RAPIDS,10
AGUADILLA,5
FARRAGUT,3
NEWFANE,7
NEWTON CENTER,5
PASSAIC,5
NORTH PALM BEACH,6
KREMLIN,2
BONAPARTE,3
BOWLING GREEN,83
PIERRE,14
CRYSTAL LAKE,38
KISSIMMEE,4
RAVENNA,14
WYOMISSING,52
HAMEL,10
HOFFMAN,11
WOLFFORTH,11
SCHAUMBURG,60
WESTBURY,68
DUNN,24
SANTA MARIA,5
MAPLE GLEN,5
MILL VALLEY,1
TRENTON,72
FREDERICKSBURG,35
NEFFS,11
NORTH LITTLE ROCK,8
MCALLEN,55
GREATNECK,3
WESTLAKE VILLAGE,34
ALLENTOWN,74
WASECA,11
HIGH POINT,12
COBLESKILL,6
RANDOM LAKE,1
ABINGTON,11
BUFFALO GROVE,17
PLYMOUTH,71
LEHIGH VALLEY,7
HUNT VALLEY,34
LAKE MARY,29
ONALASKA,4
GRANITE BAY,3
WOODLAND HILLS,27
PLEASANT GAP,8
DIMMITT,8
MONTERY,1
DRAPER,1
BEVERLY,26
EVERGREEN,15
DES MOINES,460
ITASCA,22
BROWNSVILLE,56
MIFFLINBURG,11
KINGSPORT,56
EVANS,4
JONESVILLE,27
HOMER GLEN,2
WESTBOROUGH,14
GUAYANILLA,10
NEW CITY,11
SAINT PETER,16
CLEVELAND,113
HALLSTEAD,6
EDINBURG,16
FAIRMONT,30
UPPERCO,11
LYNDEN,6
MARKS,11
NEW BADEN,10
ASHVILLE,8
SYLACAUGA,16
JENNINGS,22
RACELAND,11
CAMARILLO,9
SOUTHBRIDGE,32
GLENDALE,116
WARTBURG,11
MILLVILLE,10
PEARL,11
HAMTRAMCK,7
JAMESTOWN,33
NEW HOLSTEIN,11
EVANT,10
WHITESTONE,2
PITTSBRUGH,1
FONTANELLE,7
AIEA,2
PALISADES PARK,1
MEMPHIS,172
MINNEAPOLIS,252
CYNTHIANA,14
HAMPTON,34
STURGEON BAY,12
NEW TRIPOLI,11
MILLINGTON,22
EL CAMPO,30
PORTSMOUTH,87
OPELOUSAS,22
STRATFORD,21
NORTH MYRTLE BEACH,10
MARENGO,11
BANDERA,14
WAYNESBURG,11
DAHLGREN,11
RESEARCH TRIANGLE PARK,4
BRIARWOOD,10
WESTCHESTER,7
FLANDERS,9
VILLALBA,10
PULASKI,9
TARBORO,4
GOTHENBURG,9
JERSEY SHORE,4
HOOKSETT,4
PIGEON,15
DERBY,20
BURLINGTON,81
NEW IBERIA,18
PILOT POINT,11
MONTEVIDEO,1
CAMBRIDGE,111
RAHWAY,21
LYTLE,10
BUXTON,11
FARMER CITY,5
NORWAY,11
KLAMATH FALLS,6
WETHERSFIELD,15
ROCKY RIVER,8
CORDELE,10
EAST BERNSTADT,8
PRAIRIEVILLE,1
CHEROKEE,2
URBANA,10
HAVANA,11
WEST POINT,56
NOVATO,18
DAMASCUS,15
ACKLEY,14
SMITHFIELD,22
WESTMONT,2
ROWLAND HEIGHTS,10
RAPID CITY,53
LA CANADA,4
DRACUT,4
BRIDGER,10
BIG LAKE,6
LORETTO,8
BIRMINGHA,1
DOWNINGTOWN,14
BEEMER,10
ROCKFORD,51
HONDO,22
MISSOURI CITY,3
HADDONFIELD,5
MARSHALLTOWN,25
ALDEN,11
FORT ATKINSON,11
WHEATLAND,11
HOLDEN,10
TRAVELERS REST,11
SAN MATEO,17
COEUR D,25
SOUTH BOSTON,14
CHULA VISTA,23
KINGSSPORT,1
MOUNTLAKE TERRACE,12
FRANKLINA,2
CHERAW,1
WALTHAM,25
FAIRHAVEN,22
BRASELTON,6
MULLENS,4
MUNICH,2
MOUNT DORA,16
SPARTANBURG,34
DAVENPORT,50
STOUGHTON,18
OOSTBURG,11
DUNNELLON,2
HAHNVILLE,11
LEESVILLE,9
RIO GRANDE,1
GIBBON,4
HARWICH PORT,8
TUKWILAR,1
LA CRESCENTA,1
HILLSBORO,63
LOUISBURG,11
STAUNTON,37
HOUSOTN,3
DEERFIELD,11
MOOREFIELD,11
NORTH BROOKFIELD,11
EGG HARBOR CITY,4
TINTON FALLS,20
COMPTON,2
CRESSKILL,10
DE FOREST,11
DELHI,5
Frisco,1
EAST SAINT LOUIS,4
D,4
FRONTENAC,7
PRAIRIE DU SAC,4
RIVERWOODS,3
INDIAN LAND,1
TAYLOR,28
GAINESVILLE,112
ANAHEIM,46
ALCESTER,10
LABELLE,3
FUQUAY,6
COLUMBUS GROVE,11
MAZON,10
EL RENO,7
MESQUITE,10
HIRAM,11
ORANGE CITY,4
MIAMI LAKES,22
COMSTOCK PARK,3
PARMA,31
CHARLEROI,11
LISBON,14
WATERVILLE,1
HUMBLE,17
RUMFORD,2
SOUTH PLAINFIELD,5
CONWAY SPRINGS,8
BABYLON,5
LEMOYNE,6
NORTH LAS VEGAS,1
BELLEVUE,108
SONORA,11
ISANTI,18
WINDSOR,36
GARDEN CITY,59
HIGGINSPORT,2
CHARLESTOWN,3
DONALSONVILLE,2
THEODORE,3
LOCKPORT,19
AMESBURY,11
WINDSOR LOCKS,22
FLORAL PARK,6
PEARSALL,9
GARDEN CITY PARK,16
WASHINGTON TOWNSHIP,3
MC MINNVILLE,5
HARMONY,4
BUCYRUS,17
WATERLOO,76
PHOENIX,184
PIGEON FORGE,19
BROWN CITY,12
MONTROSS,11
TACOMA,73
WYALUSING,11
CRETE,7
FREEPORT,48
MAPLE PLAIN,10
MINOT,21
ENNIS,22
BLAIRSTOWN,5
CHIAGO,1
PORT HURON,24
SAUK CITY,11
BELLEVIEW,5
NIAGARA FALLS,11
OZONA,15
SPRING,3
HALSTAD,1
LITCHFIELD,22
ESTES PARK,11
ATTICA,11
TONGANOXIE,11
SHERMAN,9
NORTH ANDOVER,14
COCONUT GROVE,12
WABASH,11
NORTH GRAFTON,11
LAKE MILLS,9
WALHALLA,9
ARDMORE,8
NEW HYDE PARK,2
WESTAMPTON,1
WAPELLO,2
ALVA,3
ERATH,4
BERWICK,11
WELLINGTON,45
WEST,20
LANTANA,3
LULING,10
WATERTOWN,22
RAYNE,15
BRICK,3
HALLANDALE BEACH,6
SOUTH JORDAN,3
BLUE BELL,10
IAEGER,4
BINGHAM FARMS,8
MONUMENT,9
GERMANTOWN,42
NEWTOWN,31
NASHVILLE,193
WYOMING,68
TROY,111
MOJAVE,6
LINDENHURST,6
BRAYMER,11
MENDENHALL,11
JERSEYVILLE,11
ROSE HILL,16
LAKE ODESSA,17
BRIDGE CITY,10
BARTONVILLE,11
MT CLEMENS,4
BATAVIA,13
MT LAUREL,7
WINGER,8
SOUDERTON,11
MALVERN,57
SUPERIOR,34
CORAL GABLES,104
ROSEVILLE,83
KAPOLEI,3
SOUTH BURLINGTON,13
MOUNDVILLE,10
WILLIAMSPORT,28
HUNTINGDON VALLEY,23
OOLTEWAH,11
LUDLOW,13
MIAMITOWN,11
CANTONMENT,11
EDGEWOOD AREA APG,2
FRANKLIN PARK,11
LONGWOOD,16
DE KALB,8
RISON,2
TYRONE,2
SHAMOKIN,3
FORT LEAVENWORTH,11
PIERSON,2
NORTHAMPTON,8
HAYWARD,23
GREENWOOD VILLAGE,81
VIDALIA,4
ST CLAIR SHORES,20
FORT LAUDERDALE,68
AUDUBON,11
BELPRE,14
FARIBAULT,3
SOUTHAMPTON,15
GALLATIN,11
BRATTLEBORO,10
WESTFIELD CENTER,11
LANISNG,1
MIDVALE,28
DEMOPOLIS,9
MANTEE,3
EASTPOINTE,7
HARBOR SPRINGS,5
GLADEWATER,3
COATESVILLE,12
PALM BEACH GARDENS,24
MARCO ISLAND,3
NEOLA,10
WINTERSET,22
CAPE MAY COURT HOUSE,12
RICHMOND HILL,15
DELAWARE,11
LANHAM,11
GAITHERSBURG,5
MORRIS PLAINS,11
COS COB,9
MINDEN,4
CAMPBELL HILL,4
INDEPENDENCE,94
WAYNE,35
PLANO,134
YARDLEY,14
RADNOR,10
ALPHA,11
SUISUN CITY,7
HONAKER,11
WEST PALM BEACH,80
AVON,31
GUILFORD,11
WAUWATOSA,27
STROUDSBURG,14
ELLINGTON,3
WEST LINN,8
N,2
RICHMONDVILLE,6
OCEAN,3
PRINEVILLE,1
MARBLEHEAD,24
EUFAULA,3
ABSAROKEE,8
GILBERT,17
O,25
ROACHDALE,11
ERWIN,20
CHEHALIS,3
COLQUITT,11
FAIRBORN,21
CLIFTON PARK,3
DEERFIELD BEACH,4
INVER GROVE HGTS,1
BRIGHAM CITY,7
ROBERTSDALE,4
JIM THORPE,22
FOND DU LAC,66
LUTHERVILLE,19
COEBURN,11
STATE COLLEGE,20
LA CROSSE,74
HOPKINSVILLE,33
FLANAGAN,11
BETHPAGE,11
GRANDVILLE,33
CHATTAHOOCHEE,9
CAGUAS,36
GLASGOW,16
CHESTERTOWN,10
FORT DAVIS,5
STATESVILLE,13
PIKETON,3
ELKINS PARK,5
ROCKWALL,12
LONG BEACH,49
CHICKAHSA,1
MURFREESBORO,46
BLOOMFIELD,34
DOUGLAS,1
MASCOUTAH,22
ENGLEWOOD CLIFFS,20
NOTRE DAME,5
TUKWILA,12
BROOK PARK,21
CRAWFORDSVILLE,8
TERMINAL ISLAND,1
NORAML,1
PAWNEE,10
DUNMORE,22
HARLAN,6
CLAYTON,54
MINERVA,11
HOFFMAN ESTATES,7
CINCINNATI,289
MITCHELL,18
POWHATAN,15
BRYN MAWR,12
SANDUSKY,19
PRINCETON,37
BLOOMSBURG,9
MILLERSBURG,19
SHOREWOOD,13
ALTAMONT,11
CLARKSDALE,10
SOUTH ELGIN,12
CONNERSVILLE,11
CHARITON,3
CORNING,11
WOODLAND,15
SEAFORD,19
HOBART,11
ROMEOVILLE,7
ALHAMBRA,21
CAMP PENDLETON,4
MOUNTAIN LAKE,8
MUNCIE,53
PROPHETSTOWN,11
HELENA,23
CUBA,21
MENTOR,30
DETROIT,28
WARSAW,22
ELDERTON,11
WEST HARRISON,7
DYERSVILLE,2
CORVALLIS,23
2700 N PORTLAND OKLA CITY,1
DOUGLASVILLE,21
FORT DEPOSIT,4
COEUR D ALENE,4
LA PORTE,17
WALLINGFORD,1
HOLLIS,1
NOLENSVILLE,8
ROUND TOP,6
JBLM,1
NEW ROCHELL,1
CRESTVIEW,21
CHANUTE,11
ABINGDON,15
SANDY LAKE,11
PIERZ,11
PATTEN,11
NEW BRUNSWICK,50
HAWTHORNE,25
ST CLAIR,2
LONG ISLAND CITY,27
ATTLEBORO,3
S BOUND BROOK,1
LAKE JACKSON,18
ANTIGO,11
SUDBURY,4
NEW ROCHELLE,1
WIXOM,2
HERMITAGE,8
PHENXI,1
ELSBERRY,2
APOLLO BEACH,1
BAIRD,7
GRANITE QUARRY,8
WALL TOWNSHIP,8
DANIA BEACH,5
MOUNT PLEASANT,45
CANTON,125
CHAPLIN,11
FRESNO,147
PARAGOULD,13
UNION SPRINGS,20
COLEMAN,11
POUGHKEEPSIE,43
HIGHLAND PARK,10
WATKINS,10
DUNCAN,24
WEST MONROE,36
HARKER HEIGHTS,2
BRANTELY,1
ALPINE,1
MERCERSBURG,4
WALDO,8
JACKSON TOWNSHIP,2
HAVELOCK,1
SOUTHFILED,4
PLAINS TOWNSHIP,3
TRUMAN,4
DIETERICH,5
SAUSALITO,1
BRAZIL,11
BLACKSBURG,11
VENICE,10
MERRAM,1
MINIER,11
SCHELL CITY,11
KIMBALL,22
LEES SUMMIT,27
NEW HAVEN,27
WRENTHAM,11
CALHOUN,13
ELLIJAY,9
VERNON HILLS,17
MAUMEE,24
FISHERS,27
WOODSFIELD,10
LAKEVIEW,1
SAN GABRIEL,8
MANATI,1
RANCHO SANTA MARGARITA,5
SAINT CLAIR SHORES,2
MARS,13
LITTLE ROCK,158
FARGO,117
QUAKERTOWN,11
LAPORTE,3
KASSON,11
NELSON,4
SHELTON,40
WILLOWICK,5
COLBY,5
FORKED RIVER,6
GLEN ROCK,21
W,9
ZANESVILLE,8
MAHOPAC,8
ISLANDIA,11
ISLAND,1
WEST BRIDGEWATER,2
PALM BEACH,1
GRAND RIDGE,5
LAFOLLETTE,14
LOCKHART,11
ALVIN,28
WHITTIER,33
CHICO,43
FITZGERALD,13
CARSON,20
OSKALOOSA,9
SPRINGHILL,16
SMYRNA,23
MCMURRAY,6
MEBANE,11
NARROWS,11
NORTH CANTON,34
COLUMBIA HEIGHTS,11
SINKING SPRING,1
FOLSOM,30
NICOLLET,8
WINTSON SALEM,1
MEDFIELD,2
SOUTH PARAMUS,4
DALWORTHINGTON GARDENS,1
BARNESVILLE,5
EVELETH,11
MONTEREY PARK,27
MELROSE PARK,8
VILLA RICA,3
MIDLOTHIAN,51
CORNELIA,6
COZAD,14
STAR CITY,11
PLATTSMOUTH,21
IDA GROVE,18
GREENLEAF,21
ASTON,22
OTSEGO,2
RYE BROOK,10
DESTIN,15
FORT MILL,14
VACAVILLE,11
ENGLAND,10
SOUTH WEST CITY,8
ELKO NEW MARKET,7
WORBURN,1
MINEOLA,9
HEALDSBURG,1
EAST PETERSBURG,1
CASPER,33
KINGSTREE,4
DUBLIN,59
PARKDALE,6
MOULTON,12
RUSSELL,11
LATHROP,9
HORNELL,11
MAPLEWOOD,27
WADESBORO,7
FAIRLAWN,24
GRANTS PASS,16
SCITUATE,8
EL SEGUNDO,38
CORPUS,3
RIVERDALE,10
SAINT CLAIR,20
FORT STOCKTON,8
POST FALLS,8
WILLINGBORO,7
LAKEWOOD RANCH,4
SCHERERVILLE,8
MALAD CITY,7
SLAYTON,6
CANYON,1
BAY,1
WYNNE,22
ODESSA,96
CHELAN,7
MOUNTVILLE,2
BEND,23
KILMARNOCK,13
TIMBERVILLE,11
OAKFIELD,11
LIVINGSTON,23
DAKOTA DUNES,14
GEORGETOWN,49
HUTCHINSON,27
MAGEE,11
VISALIA,54
ELLWOOD CITY,8
VICTORVILLE,9
SUMMERVILLE,20
MODESTO,46
WILTON,2
NEW BRIGHTON,9
SLOAN,9
FORT SCOTT,6
SAN ANTONIO,231
NEWFIELD,11
GRANBURY,7
SANTA CLARA,38
WINSTON,45
NORWOOD YOUNG AMERICA,11
MAYSVILLE,11
NORRIDGE,6
PALATKA,16
MEDIA,3
GLENVILLE,11
COVINA,15
WEIRTON,12
LOMPOC,11
NAPANOCH,6
WATERLOOI,1
NEW BEDFORD,17
BROOKLYN HEIGHTS,3
BELLMAWR,3
MAHWAH,12
SOUTH COAST METRO,4
SAN DIEGOR,1
PRINSBURG,6
FALLS CITY,11
LAGRANGE,26
PORT LAVACA,11
LANCASTER,131
MOUNT PROSPECT,1
FLAGLER,11
GREELEY,51
JOHNSTON,35
GALVA,11
WEXFORD,9
EDINA,45
BAY PINES,5
FONTANA,4
WINTHROP,13
OCEANSIDE,19
HIAWATHA,9
ALMONT,2
SNYDER,11
Ann Arbor,1
PAULSBORO,5
ROCKAWAY,2
WILMINGTON,158
LAKE FOREST,54
CORONA,16
FAYETTE,22
COSHOCTON,8
CEDAR RAPIDS,74
SIDNEY,35
PORT ORCHARD,12
ROGERSVILLE,40
COTTONPORT,11
HOLCOMB,11
ELDORADO,11
BONIFAY,3
PARK HILLS,6
THOMASVILLE,24
NORWOOD,17
REPUBLIC,1
PEACHTREE CITY,9
GRAIN VALLEY,7
COURTLAND,7
MIFFLINTOWN,22
EVANSVILLE,119
ATHENS,81
FORT MYERS,52
REDDING,20
ELKHORN,20
LEVELLAND,5
WATKINSVILLE,16
BROOMFIELD,18
TOCCOA,2
KENTWOOD,11
FT LEAVENWORTH,2
LAKE CRYSTAL,9
BEAVERCREEK,4
NORTH RIVERDALE,1
PENDLETON,9
WEST LONG BRANCH,1
HEMPSTEAD,1
MILWAUKEE,117
GRAHAM,11
BROKEN ARROW,39
ST CLOUD,6
FORREST CITY,11
MOLINE,53
GOSHEN,18
PERRYVILLE,12
NEW BRAUNFELS,5
HOBOKEN,19
BURR RIDGE,6
BERESFORD,15
PATCHOGUE,12
LONDONDERRY,8
DORAVILLE,11
MORTON GROVE,13
HAPPY,8
TERRE HAUTE,38
SWEETWATER,8
ROUND MOUNTAIN,5
BEAUMONT,41
MONMOUTH JUNCTION,5
HURRICANE,11
POCATELLO,52
MT WASHINGTON,3
LITTLE CHUTE,11
POPLAR GROVE,10
RUTHERFORD,11
FT LAUDERDALE,6
NEW CUMBERLAND,11
ALISO VIEJO,18
CLARKSTON,22
MAUNABO,11
WHITEHOUSE,2
FORT MORGAN,6
GLEN HEAD,11
CARLYLE,11
SIKESTON,11
HORTON,9
VIRGINIA BEACH,133
NOBLE,11
NEW PRAGUE,8
ALLEN PARK,11
MOUNT CLEMENS,7
CLARENDON HILLS,1
ELYRIA,14
TREVOSE,13
GLENDORA,14
MCARTHUR,2
BEEVILLE,10
GREENWICH,10
CONSHOHOCKEN,13
TOPPENISH,3
LINCOLNSHIRE,6
BOZEMAN,1
SYRACUSE,97
JACKSON,178
SAN BENITO,11
BRAINERD,3
COLLEGE STATION,19
CROSWELL,15
ELMWOOD,11
MERRILLVILLE,36
WALTERBORO,19
COLDWATER,20
SHILOH,9
RAMSEY,3
LUANA,10
PLAINS,3
MOHNTON,2
VERNDALE,1
RIVER FALLS,22
BRUNSWICK,46
GREAT NECK,20
BARTLETT,36
ITHACA,33
NEW BERLIN,24
TEXAS CITY,30
METAIRIE,116
POUGHEKEEPSIE,1
DARBY,11
HARRISON,29
DEVON,18
NORTH CHARLESTON,19
LAKE CITY,32
PISCATAWAY,3
GROVEPORT,11
MAITLAND,36
ROY,3
MAYO,7
LAKE OSEWAGO,1
CLUTE,13
ORRVILLE,9
HEADLAND,10
SYLVNAIA,1
MOULTRIE,22
HOOPESTON,9
ROSHOLT,11
HANNA CITY,1
LUFKIN,2
DES PERES,7
WEST TRENTON,6
KALISPELL,19
WELLS,8
ARCHER,4
POMONA,18
OAK BROOK TERRACE,4
SANGER,11
GAHANNA,33
SOUTH BEND,53
KEOKUK,7
HUBBARD,6
BREA,11
COHASSET,11
CHESTERFIELD,43
WEST SPRINGFIELD,7
ROSELLE PARK,9
CRANBERRY TOWNSHIP,3
WALLED LAKE,9
PEMBROKE PINES,15
WILLIAMSVILLLE,2
GREENWODO,1
CHIGAGO,1
SAINT CLOUD,36
MANNING,5
OKLAHOMA,2
SOUTH HUTCHINSON,4
LAKE OWEGO,2
SLOCOMB,10
BROWNSBURG,11
LANDISBURG,11
ALEXANDER CITY,5
COKATO,10
LUXEMBURG,11
LATROBE,32
KEWAUNEE,8
GREER,21
MOORESTOWN,4
PEWAUKEE,19
DENHAM SPRINGS,7
SEVEN HILLS,7
KINGSLAND,9
GLEN MILLS,2
REIDSVILLE,8
SAINT LOUIS PARK,11
MENDON,7
MT PULASKI,1
SALINA,23
CARMI,11
KILLEEN,33
WEST MEMPHIS,21
LA CRESCENT,3
TOWSON,20
LIZTON,11
STORY CITY,11
ELIZABETH,24
VILLE PLATTE,11
CLAREMORE,16
APALACHICOLA,3
BUFORD,19
MORGANTOWN,24
OXNARD,17
CAMP HILL,19
FAIR LAWN,11
DOVER,43
SOUTH PASADENA,11
URBANDALE,16
MOUNT JULIET,6
MURRYSVILLE,3
WEST UNION,2
PINE PLAINS,3
NEENAH,30
PESHTIGO,11
WAYNESBORO,33
OKMULGEE,11
MIAMI,386
ADRIAN,24
LAPEER,11
GRANDVIEW,22
ELMWOOD PARK,24
MIDLAND PARK,11
CLOQUET,21
RANCHO CORDOVA,12
IRWINDALE,10
RICHOND,1
MOUNT WASHINGTON,8
CONNEAUT,7
MOORPARK,4
KENNER,1
SOUTHERN PINES,1
TOMPKINSVILLE,1
BUTLER,39
IOWA PARK,8
JEFFERSON,13
MCHENRY,22
WORCESTER,60
LAMARQUE,10
LODI,17
OWENTON,10
SHAKOPEE,3
WILLIAMSVILLE,31
RUSSELLVILLE,39
CEDAR CITY,11
HYANNIS,12
TEMECULA,7
GUNTERSVILLE,11
HINGHAM,28
PERU,5
HIGHLANDS RANCH,11
RED BUD,4
GLEN ELLYN,6
LAKE ST,1
LEMONT,13
BARTOW,6
WOODWARD,3
CALABASAS,30
BELLE PLAINE,33
TIGARD,15
STURGIS,36
SYLVESTER,1
GRAND ISLAND,22
DEEPWATER,11
MANHATTAN BEACH,18
WYANDOTTE,3
MURRIETA,6
EAST BRUNSWICK,2
BERLIN,30
DRYDEN,11
CLEBURNE,6
CROOKSTON,11
CHADDS FORD,4
COSTA MESA,37
HORICON,11
SARDIS,19
MISSION,19
ADAMS,16
SAGINAW,101
EAST MILLINOCKET,10
CLARKSBURG,4
LEOMINSTER,15
LEAGUE CITY,16
SADDLE BROOK,5
BEDIAS,9
FRISCO,11
ANGOLA,8
RATON,8
PIKESVILLE,2
BROKAW,1
STOCKDALE,3
LARAMIE,17
LEWISTON,94
BOULDER,62
PORT BYRON,9
LIBERTYVILLE,12
BOOTEN,1
KENTLAND,11
WELLSBURG,10
MILAN,11
LITTLETON,32
PINE MOUNTAIN,11
SALINAS,12
EAST WINDSOR,11
WADSWORTH,11
CLARINGTON,7
MERRILLVILE,1
LIBERAL,9
STERLING HTS,2
RUSHFORD,8
CARBONDALE,8
COLLEGEVILLE,4
TINKER AIR FORCE BASE,1
BRIARCLIFF MANOR,6
CHRISMAN,1
MORGAN HILL,1
HOPE,16
CHESTER,42
DOTHAN,65
APPLE CREEK,11
MARCELLUS,10
MONTICELLO,70
STATESBORO,12
HEBRON,19
MULLINS,11
TECUMSEH,8
SHORT HILLS,13
LAKE HAVASU CITY,21
PRESCOTT,12
CHAPEL HILL,12
TARRYTOWN,2
AMSTERDAM,7
KARLSTAD,6
MORGANVILLE,5
CHICKASHA,35
MERTZON,11
LIBERTY,44
ST PAUL,27
BOUTTE,11
GONZALES,30
BRECKENRIDGE,2
FOREST,29
GIFFORD,11
BROOKLYN CENTER,4
SYLVANIA,24
CHINO HILLS,15
CENTER POINT,2
CRANBERRY TWP,12
BROADVIEW,6
NEWFOUNDLAND,8
MIDDLEBOROUGH,2
MERCEDES,10
SOLVAY,21
ENGELHARD,6
SANTA ROSA,84
ATKINS,10
PATASKALA,1
CLARKSVILLE,70
SUN PRAIRIE,18
ESSEX,12
BOGALUSA,13
SIMSBURY,11
BAKERSFIELD,67
STATEN ISLAND,11
ROCHELLE PARK,1
JOHNSTON CITY,4
MEXIA,8
MOUNTAIN VIEW,7
KENNEY,1
GALVESTON,31
CROWLEY,23
CARTHAGE,40
EDMOND,50
SAVAGE,2
OSSEO,11
RIPLEY,21
WOOD DALE,4
OTTUMWA,11
HESPERIA,2
FREELAND,9
DUNEDIN,3
NORTH MIAMI BEACH,4
GETTYSBURG,11
ONEONTA,15
RAYMOND,22
UNIVERSAL CITY,23
ALBUQUERQUE,172
HERNDON,18
GALLIPOLIS,11
GRAVETTE,11
GILMAN,3
PANAMA,1
MITCHELLVILLE,4
JEWETT CITY,11
ABBOTSFORD,11
WEST BEND,33
BURNS HARBOR,11
COVENTRY,11
HUNTINGTON STATION,1
LAGUNA NIGUEL,1
ALBERTVILLE,2
WAUPACA,9
2401 E,1
NEEDHAM HEIGHTS,5
MILL CREEK,3
ELY,6
SCHEREVILLE,1
NAPPERVILLE,1
FT MITCHELL,5
WOODFORD,2
GRIFFIN,14
YONKERS,22
GARRETT,11
VACHERIE,11
TREZEVANT,11
BAYPORT,11
TRUMANN,3
HOLMEN,10
LOGANVILLE,13
FARLEY,2
SONOMA,3
LAKE OSWEGO,46
NAMPA,13
SAN LEANDRO,3
TULARE,11
FERNDALE,11
GOLDEN,21
ST ANNE,2
HANNAFORD,10
POMPANO BEACH,14
SUITE 201,1
REFUGIO,5
GREENBUSH,1
DEVILS LAKE,28
LE MARS,17
THE WOODLANDS,25
SOUTH PADRE ISLAND,14
MYRTLE BEACH,36
COLLINGSWOOD,13
BISMARCK,52
MOSCOW,6
PARKERSBURG,43
PASCAGOULA,33
MCDONOUGH,5
JACKSONVILLE BEACH,1
DELANCO,11
BALDWINSVILLE,14
ANGWIN,6
SOUTHLAKE,14
BERSEFORD,1
OLYMPIA FIELDS,8
WALTERS,2
TUTTLE,7
PLANTATION,4
DAMARISCOTTA,4
EMERY,1
HARRISBURG,50
OAK HARBOR,10
WINTER HAVEN,9
IMPERIAL,1
BETHANY,17
LANGDON,3
MIDDLEFIELD,11
ANN ARBOR,94
DICKSON,39
CATSKILL,11
WEST JORDAN,29
WILBRAHAM,5
AIBONITO,22
LYNNFIELD,4
KNOXVILEE,2
LA HARPE,6
SHERRARD,8
CORINTH TOWN,1
OTTAWA,38
YANKTON,16
HOUSTON,712
FITCHBURG,69
BENNINGTON,11
CHICKAMAUGA,8
AUGUSTA,108
BIRNAMWOOD,11
STERLING,22
WHITING,19
PANA,13
MULVANE,11
HALSTEAD,11
LAROSE,11
OAK FOREST,2
AMITE,2
MIDDLETON,16
ADAIRSVILLE,11
RIDGECREST,11
GEISMAR,11
SODUS,11
BURTON,11
FLOSSMOOR,5
SPICER,5
BELLEFONTE,7
GOLDEN VALLEY,5
DE SOTO,5
MAYFIELD HTS,2
OLATHE,36
PANDORA,11
MARBLE FALLS,5
MENOMONIE,18
HOLLYWOOD,57
COLFAX,15
DARIEN,20
JONESBURG,11
OVERTON,11
MANNINGTON,11
HADDAM,1
FINLEY,9
HIGHLAND FALLS,5
SULPHUR,4
CORINTH,15
MILPITAS,12
ANAHEIM HILLS,2
GOODLETTSVILLE,10
LIVE OAK,14
TYSONS CORNER,7
HILTON HEAD ISLAND,4
FORTSON,1
CANNON FALLS,4
SEVERANCE,1
GRANT PARK,5
MARSHALL,36
BELLAIRE,29
MORRISTOWN,28
BROOKLYN,92
DURAND,29
DENTON,35
HOLLY SPRINGS,33
CONCORDIA,23
BOAZ,10
ORMOND BEACH,10
JUNEAU,11
HANSCOM AFB,8
EAST BOSTON,4
CITRUS HEIGHTS,3
ANDALUSIA,13
DEMING,10
BETHEL,6
GARFIELD HEIGHTS,8
CHISHOLM,10
FARMINGTON,94
APTOS,3
CELESTE,4
PLAQUEMINE,51
MARSHFIELD,21
WISCONSIN DELLS,11
STAFFORD SPRINGS,11
DE WITT,11
WOODSTOCK,39
WESTMINSTER,35
COPPELL,15
CRANFORD,18
BOUND BROOK,11
WILDWOOD,11
NEW BUFFALO,11
FALLS CHURCH,24
PARK CITY,4
WEST MILWAUKEE,8
NEW MADISON,8
OLANTA,8
SHINER,3
SANDSTONE,5
SPRING VALLEY,4
PRYOR,17
KAYSVILLE,2
JOHNSTOWN,54
UNION GROVE,11
MANISTIQUE,11
VINTON,3
TOTOWA,12
MARTINEZ,20
PLAINVILLE,11
DES PLAINES,13
BUNNELL,2
LARNED,9
OLDSMAR,9
ELMSFORD,4
PORT SAINT LUCIE,1
EAST DETROIT,1
VILLA FONTANA CAROLINA,7
HONESDALE,33
MERIDIAN,40
BRENHAM,11
WALTON,16
CHATTANOOGA,103
KENT CITY,5
WEST PATERSON,2
PANORA,21
BAD AXE,16
JEFFERSON CITY,99
PLATTE CITY,22
GARLAND,30
ASHEVILLE,52
NEWBURYPORT,22
MORA,17
COHOES,11
HAMMONTON,3
IPSWICH,10
TURNERSVILLE,2
ATCHISON,7
VALLEY PARK,8
CONSHOCKEN,3
AMES,44
GRUNDY CENTER,11
HASKELL,10
MOBILE,65
BURLESON,11
TERRELL,11
LANGHORNE,3
FEASTERVILLE,2
SUFFOLK,5
CECILIA,11
GLENNVILLE,30
FREEELAND,1
WONDER LAKE,11
CLOSTER,4
BOYNTON BEACH,21
DEXTER,20
ROSELAND,10
ANSLEY,9
OAKTON,7
LEWES,1
SAINT HELENS,8
ORFORDVILLE,6
TURLOCK,3
WINTER PARK,29
ROCKY MOUNT,33
SEDALIA,16
QUEENSTOWN,11
RUSTON,3
ELROY,11
LACONIA,11
NAUGATUCK,20
RICHARDSON,57
HATBORO,20
DEARBORN,46
NUTLEY,11
MT STERLING,2
FALFURRIAS,8
CENTRALIA,10
FORT WASHINGTON,5
SMITHTOWN,3
UNIVERSITY CITY,3
MORGAN,2
PARGOULD,1
YUKON,30
LINDEN,24
LUBBOCK,123
MERRITT ISLAND,24
SPIRIT LAKE,5
LYNCHBURG,36
SCRANTON,41
NACOGDOCHES,12
PROVO,51
SPRING CITY,11
MORRISVILLE,19
BROOMALL,18
CRANSTON,20
PHILA,4
LOS GATOS,20
HURST,7
EASTLAKE,1
WENTZVILLE,3
UPPER ARLINGTON,8
CHOUDRANT,8
RIESEL,8
FT WALTON BEACH,1
BELLVILLE,19
CROCKETT,2
HALIFAX,3
ABSECON,10
BUENA PARK,9
ROME,72
BRISTOL,60
NORTHFORK,1
BISHOP,10
BANNOCKBURN,2
Irving,1
Bellingham,1
JAMISON,2
SEWARD,22
WACO,129
MCCOOK,10
VALLEY MILLS,11
SAN FRANCISCO,204
GOLETA,14
EXTON,20
DUNBAR,8
IONIA,32
EVANSTON,14
CSACADE,1
EWING,16
OVIEDO,11
CULLMAN,28
SHEBOYGAN,8
GERING,3
DOYLESTOWN,30
MONSON,11
STRONGSVILLE,13
BOLINGBROOK,1
STUTTGART,9
SAINT PETERSBURG,25
San Diego,1
SAINT JACOB,7
SPANISH FORK,1
VICTORIA,7
JACKSONVILLE,315
TOMBALL,1
LOGAN,32
OSAWATOMIE,11
GARRETSON,3
ASH GROVE,8
MANSFIELD,67
BATESVILLE,23
RIDGEFIELD,11
PALOS HILLS,13
MURPHY,1
CENTENNIAL,67
MARSEILLES,8
CHESHIRE,2
NORTH ADAMS,11
OXON HILL,6
TABLE ROCK,9
FT LAUDERALE,1
DUNDALK,5
FORT WAINWRIGHT,7
WHITLEY CITY,3
RAWLINS,10
ANCHORAGE,79
QUANAH,11
NEW CASTLE,30
EUTAW,9
WILSON,24
SENATOBIA,11
COOK,10
NEW ORLEANS,161
OWINGS MILLS,20
EASTHAMPTON,11
WEBSTER,20
WINSTON SALEM,50
SOUTH OGDEN,3
WHITEHALL,22
CUDAHY,11
BIGFORK,1
FUQUAY VARINA,10
DORAL,9
DE LAND,3
GLENN ALLEN,3
CERESCO,5
METAIIRE,1
CAMERON,40
HOT SPRINGS,21
CADOTT,11
BURLEY,11
JUSTIN,11
GULFPORT,31
NEW SMYRNA BEACH,10
BURBANK,63
NORTH HAVEN,11
MISSION VIEJO,8
WEST COLUMBIA,15
RONKONKOMA,11
JESUP,9
TAOS,1
POND CREEK,1
GRATZ,11
RISING SUN,7
TAPPAHANNOCK,19
WILLIAMPORT,1
ANNANDALE,19
ANAMOSA,16
FARMERSVILLE,3
OSWEGO,35
READING,46
FRAMINGHAM,19
BRAINTREE,32
ARNOLD,27
MARTINSVILLE,32
WESTBROOK,11
RALLS,8
BRECKSVILLE,4
HORATIO,1
GOODYEAR,1
LEBANON,77
PINE BLUFF,42
STILLMAN VALLEY,11
PASADENA,136
CONVERSE,11
SANDY,50
LAONA,11
LAKE CHARLES,41
WILMETTE,12
DAYTONA BEACH,16
PARK RAPIDS,11
THORNDALE,5
MOON TOWNSHIP,11
COLLEGE PARK,2
PUNTA GORDA,7
RALSTON,1
PICATINNY,1
BOWIE,35
SOMERSET,46
KNOXVILLE,127
FREEMAN,11
NIXA,8
CLEWISTON,16
COMER,2
BURLINGAME,19
LORAINE,1
LAKEWOOD,112
THOMAS,10
WARNER ROBINS,15
BREMERTON,13
BARRE,20
GREENBELT,16
PALMETTO,2
FT WAYNE,1
RICHFIELD,9
NORTH ST,3
CLACKAMAS,2
MOREHEAD CITY,3
LYONS,18
MICHIGAN CITY,34
EATON,10
STROUD,11
SCOTIA,11
WICHITA FALLS,79
NAPLES,42
BLOOMINGDALE,9
LAWRENCEVILLE,54
MT ZION,2
YOUNGSTOWN,37
NEW ALBANY,10
AMBRIDGE,11
OSHTEMO,3
SWISHER,9
ALAMOGORDO,10
BRODHEAD,4
COLWICH,8
CORTE MADERA,7
ROSEDALE,2
YORKTOWN HEIGHTS,2
ABILENE,58
LOUISVILLE,243
HAXTUN,3
DURANT,33
WESTERN SPRINGS,4
DENVER,240
PENSACOLA,91
NORTHBROOK,22
DUNLAP,33
RED LAKE FALLS,11
HARRISONVILLE,3
GENESEO,19
UPTON,2
MIDDLEBOURNE,7
BRANDENBURG,11
SAUGUS,15
THE VILLAGES,21
SANIBEL,11
UPLAND,14
GALION,11
MCMINNVILLE,12
IRONDALE,6
ROCKVILLE CENTRE,10
SYOSSET,3
NEW LEXINGTON,4
SAINT MARTINVILLE,15
GROTON,30
MILACA,11
ASHLAND,84
DALLAS,522
DAYTON,109
FORT LEE,20
EAST LIVERPOOL,9
CALHAN,11
SOUTHWEST CITY,3
GREENFIELD,54
QUINCY,47
PERRYTON,8
WOODBURY,13
WILKES,10
BROWNSTOWN,22
CAMAS,6
PAINT ROCK,8
SPANISH FORT,1
LUVERNE,7
BIG TIMBER,2
COLUMBUS,283
BELLEVILLE,22
CHICAGO,731
GRAND JUNCTION,77
BELEN,11
GREENSBURG,46
BRISTOW,11
LAKE ELMO,11
CHANNAHON,2
HORTONVILLE,11
LEVITTOWN,18
BAXTER,18
ROEBLING,6
WHITE PLAINS,23
ST HELENS,1
STERLING HGTS,3
ATOKA,10
PORT ANGELES,5
BASTROP,11
QUITMAN,21
FORT WORTH,191
APPLETON,67
LA JOLLA,18
CORTLAND,14
POOLER,2
ELLICOTT CITY,11
TRINITY,11
GARFIELD HTS,3
SIMPSONVILLE,10
PURCHASE,18
LIVERMORE,21
CLAWSON,11
CENTENNIAL PARK,9
DESLOGE,2
ARLINGTON HTS,1
LEWITSON,1
LYNNWOOD,49
MIAMISBURG,130
MIAMI BEACH,7
TOLUCA,1
ZACHARY,11
HENRYETTA,11
GRANT,3
BOSWELL,11
PHILO,10
BYHALIA,11
LACROSSE,5
CHAMPLIN,13
LINCOLNWOOD,13
TYLER,63
THERMOPOLIS,3
DUNKIRK,11
FOREST HILL,11
EAST SYRACUSE,31
COOS BAY,3
SARATOGA,1
MARBLE HILL,1
BLACKSHEAR,8
PATERSON,1
EAGLE,1
MOUNT JOY,6
ASTORIA,28
BRAHAM,4
SCOTTDALE,11
BUFFALO PRAIRIE,5
DAVIE,30
ROXBORO,11
CUYAHOGA FALLS,7
DELAVAN,8
LENOIR,6
PRATTVILLE,11
EAST BRIDGEWATER,3
FREEHOLD,17
GOLDSBORO,13
HOOVER,20
ANASCO,10
INVERNESS,9
BEXLEY,7
GARDENDALE,1
UNIONDALE,8
ELLSWORTH AFB,7
KERKHOVEN,6
BRIDGEHAMPTON,11
CHAMPAIGN,57
GREAT BEND,11
OREGON,28
MASON,39
WALCOTT,11
BOONVILLE,22
MENDOTA,11
HUNTINGTON,69
LINWOOD,1
BASKING RIDGE,10
PRINCE GEORGE,10
NORTH SYRACUSE,2
CHICAGO HEIGHTS,1
NASHUA,15
AUSITN,1
NORTH PORT,1
MIDDLEBURG HTS,4
EASTON,3
San Gabriel,1
COUPEVILLE,4
FORT GORDON,6
CALDWELL,6
TYNDALL,4
HOWELL,10
CROSS LANES,3
ALBANY,140
FOLEY,11
MILLBROOK,11
WILLISTON,28
ELSA,11
ODEM,10
CADIZ,11
SAINT FRANCISVILLE,9
SHARON,21
HADLEY,11
LINTHICUM,13
JONES,1
STEVENSON,10
LAJAS,2
JEANERETTE,4
SPARKMAN,7
ALTUS,11
WELLSVILLE,8
GUEYDAN,2
SALLISAW,15
SEVIERVILLE,17
UTICA,28
WESTON,37
JOPLIN,19
CLAUDE,8
BALDWIN CITY,21
JERICHO,25
WARRENSBURG,22
CRANBURY,11
PENNINGTON,21
MESA,40
BALCH SPRINGS,1
UPPER MARLBORO,27
WOODSTOWN,3
WALNUT RIDGE,9
BAY SPRINGS,15
WINDSOR MILL,4
ANTHONY,3
LAYTON,12
LAKE IN THE HILLS,1
MARGATE,8
RANTOUL,12
HICKMAN,1
CLAYCOMO,1
ELKTON,12
NORTH EASTON,12
SAINT PAUL,109
NEVADA,27
ROUND ROCK,13
EAST HARTFORD,41
SIGNAL HILL,10
COUNCIL BLUFFS,9
SOLANA BEACH,3
DOWNS,10
PIPER CITY,9
EUREKA SPRINGS,2
NORTH CHESTERFIELD,5
HADDON HTS,1
LEONARDVILLE,1
MAYWOOD,18
MOUNT LAUREL,41
SARATOGA SPRINGS,22
CIRCLEVILLE,12
PROPER,3
METHUEN,22
ATHOL,26
NATICK,16
WHITINSVILLE,11
BROWN DEER,30
BAKESRFIELD,3
SLC,3
WEST ALEXANDRIA,5
LACEY,11
LIBERTY LAKE,8
GLEN ULLIN,6
ATLANTA,403
JASPER,76
ASHEBORO,25
LAUREL,77
SYCAMORE,28
STRASBURG,11
LOWELL,77
AUBURNDALE,17
TUPELO,22
DANBURY,33
HOLTS SUMMIT,1
GERALDINE,11
GLENWOOD SPRINGS,11
MELROSE,22
SAN RAFAEL,39
DUNELLEN,1
BEL AIR,26
ALLENPORT,11
MARION CENTER,4
BOERNE,6
GLENCOE,4
OMAHA,250
COLUMBIA,286
BLOOMINGTON,147
ANKENY,11
ENGLEWOOD,67
KOKOMO,36
ROSWELL,36
LAKELAND,51
CHENEY,22
HAYFIELD,10
BARBOURSVILLE,16
MOUNDRIDGE,10
KEY LARGO,3
CHILDERSBURG,11
EL CAJON,11
HOLLADAY,3
HOUTSON,2
MC ARTHUR,8
LA FOLLETTE,1
EARLING,8
HATO REY,8
BENNET,3
FAIR HAVEN,4
MERCERVILLE,2
COLLLINSVILLE,1
GOUVERNEUR,1
CASSVILLE,7
NEWTON,47
SHELBY,20
PAINTSVILLE,11
BLACKWELL,4
CLINTON,92
LAWRENCE,51
SLATON,6
NEWNAN,10
MECHANICSVILLE,12
SAMSON,11
AMBLER,14
DEGRAFF,3
PARRISH,9
SADDLE RIVER,3
CORRY,1
SAINT ANNE,8
ILION,3
KAHULUI,8
WEST CHESTERFIELD,1
CALABASAS HILLS,1
LONGMONT,23
TORRINGTON,35
MORRIS,22
SERGEANT BLUFF,15
PEORIA HEIGHTS,4
KINGWOOD,9
HADDON HEIGHTS,10
PERKASIE,10
BALA CYNWYD,16
WOODS CROSS,10
MONTVALE,7
FT WAINWRIGHT,3
REYNOLDS,10
FREEBURG,2
KALAMAZOOO,1
WEST CHESTER,52
JUNCTION CITY,16
POWELL,9
BALTIMORE,363
PURCELL,18
CHASKA,13
OZARK,21
SHELBYVILLE,30
WELLSBORO,11
CHAMBERSBURG,23
KOSCIUSKO,6
RICHTON,11
WEST SALEM,12
GARNETT,15
LACOMBE,4
FAIRVIEW HEIGHTS,12
PORT RICHEY,8
BEAVER,7
GRAYSLAKE,3
OAKHURST,3
FOSTORIA,9
FRIENDSVILLE,2
BARTLEY,5
PROSPER,8
LOWLAND,1
ELIZABETHTTON,1
WESSINGTON SPRINGS,1
PITTSBURGH,233
HOMINY,7
ALTON,22
BETHLEHEM,50
SAN DIEGO,350
LEXINGTON,178
BIXBY,11
SARASOTA,53
MAPLETON,19
BLOOMER,8
CASHMERE,11
WOODSBORO,11
MARTINSBURG,12
WESTBY,1
NEWCASTLE,3
HOLTON,21
KEARNY,13
SAINT MICHAEL,14
BERTHA,6
HANFORD,21
HEATH,11
LOS ALAMITOS,12
HARLINGEN,17
YUBA CITY,25
LONSDALE,8
COMMERCE CITY,2
NEW YORK,552
KILGORE,21
DORCHESTER,33
JONESTOWN,11
NOBLESVILLE,14
BELMONT,22
LORIS,10
NORCROSS,31
PALOS VERDES ESTATES,11
WOODHAVEN,10
CHALFONT,11
WALNUT CREEK,38
ROSCOMMON,1
VOORHEES,1
KAPLAN,8
PIPERTON,4
DECATUR,90
BILLINGS,81
COLLIERVILLE,20
ATLANTIC,11
CHANTILLY,27
MEDINA,9
RINGGOLD,22
SPRING GROVE,2
NORWALK,17
NEW LONDON,11
HUNTER,10
SUITLAND,11
GROVES,11
ADDISON,26
YOAKUM,2
EAST LONGMEADOW,4
RALIEGH,3
LITITZ,3
ROXTON,3
PAOLA,12
KINGMAN,27
EASLEY,23
RUSH CITY,11
ALEXANDRIA,109
ARVADA,38
ALAMEDA,7
KING OF PRUSSIA,9
SUNNYVALE,17
LARES,10
LOMBARD,41
BOHEMIA,5
LADERA RANCH,1
DAVIS,2
RIVERHEAD,10
GREEN FOREST,11
TUSCALOOSA,86
BEDFORD,44
ARLINGTON,102
MULBERRY,21
FRIENDSHIP,11
WAITE PARK,11
ALTOONA,90
OWENSBORO,44
WIGGINS,7
BOURBONNAIS,39
GILLESPIE,4
DEER PARK,12
LINO LAKES,14
FEDERAL WAY,20
ROCKLEDGE,11
LEWISVILLE,6
RED WING,9
ROCKLIN,8
ROSEMEAD,5
SAND SPRINGS,7
CHATHAM,9
WILLMAR,6
AVA,4
SPRINGFIELD,436
ELGIN,46
CATLIN,11
FOWLER,11
GRAY,5
NEW AUBURN,11
LANESVILLE,1
GRABILL,5
ST LOUIS PARK,5
SOUTH HOLLAND,11
COLBERT,11
FORT STEWART,3
HIXSON,10
NORTHGLENN,7
BENSALEM,12
MERRIAM,8
BOX ELDER,3
ELMA,4
ORONO,9
MUSCATINE,4
CALUMET,4
OLYPHANT,1
JACKSBORO,9
PAXTON,22
MONROE,78
ENID,26
BIRMINGHAM,283
WABASSO,6
WHITESBORO,4
PEABODY,29
MARLBOROUGH,42
MONROEVILLE,11
RENO,46
MERIDEN,24
WEST ROXBURY,11
IRVINGTON,10
4036 WETHERBURN WAY,1
KINDERHOOK,10
VANDALIA,18
EDIN,2
LA SALLE,8
HEPPNER,2
LILBURN,4
WEATHERFORD,28
LAS ANIMAS,11
PLAINVIEW,32
PALISADE,10
PUEBLO,63
VAN ALSTYNE,11
ST CHARLES,9
PRIOR LAKE,11
HULL,10
SKOWHEGAN,11
PORT CHARLOTTE,21
ELK GROVE,1
NILES,24
FAIRPORT,11
OPELIKA,11
GRIMES,1
ROYSE CITY,7
DUDLEY,3
FOXBOROUGH,1
NORWICH,53
BELLS,15
FLUSHING,77
UPPER SANDUSKY,13
MELVILLE,84
MIDDLESBORO,7
PALMETTO BAY,3
LOLO,11
MISHAWAKA,1
GAFFNEY,11
KENNESAW,6
AVE,1
SAINT ALBANS,8
EMERYVILLE,2
JONESBORO,40
FLINT,78
NORFOLK,31
JUNO BEACH,10
HINESVILLE,19
WAUKESHA,41
NEWPORT,48
WOBURN,42
NEW PROVIDENCE,12
SYKESVILLE,11
SENECA FALLS,11
EATONTOWN,10
MORENO VALLEY,20
ELKRIDGE,1
WESTMORELAND,9
ROSEBURG,8
WOODSTCOK,1
DUNWOODY,1
LASALLE,3
ROLAND,3
OCALA,50
WESTPORT,21
BRIDGETON,24
BLUE SPRINGS,11
GENOA,11
GENEVA,54
BECKER,11
MARKED TREE,10
GOLDEN MEADOW,11
PARSONS,7
PUYALLUP,6
WALPOLE,19
EAST PROVIDENCE,8
LONDON,2
LANDER,9
PENNSVILLE TOWNSHIP,2
NEW WASHINGTON,8
MCCONNELSVILLE,4
WINNSBORO,18
LAWTON,46
MT VERNON,3
PANAMA CITY,68
CHARLOTTESVILLE,35
CHEYENNE,101
RICHWOOD,11
CORALVILLE,28
PITTSTON,11
PARIS,51
IRWIN,1
READLYN,11
CHILTON,11
NEW ROADS,22
CEDARBURG,3
WESTERLY,27
PAOLI,11
HAMDEN,14
MIRAMAR,7
MIDDLEBURG HEIGHTS,4
METTAWA,23
CAMUY,19
SIOUX CENTER,5
BLACK RIVER FALLS,7
BOONEVILLE,16
HACKETTSTOWN,1
GRAND JUNCTIOIN,1
PICAYUNE,10
CARROLLTON,42
EAST ST,3
STEELE,8
SACO,31
SEWICKLEY,18
SHERIDAN,13
CLEARWATER,25
GILROY,4
NEW MARTINSVILLE,11
UPPER MALRBORO,1
HAPEVILLE,5
SALLISBURY,1
BIGGS,1
TAHOKA,2
GLENS FALLS,11
FOREST PARK,11
FORT PIERCE,16
DEFIANCE,22
AUBURN,82
PITTSFORD,8
IRVINE,226
LEAWOOD,28
KAUKAUNA,33
ROCKMART,1
MT PLEASANT,3
CRESSON,9
S BURLINGTON,3
WAYNESVILLE,27
JUPITER,11
MUNDELEIN,3
RHINELAND,8
RHINEBECK,8
TUSKEGEE,5
KANSAS CITY,219
MANCHESTER,115
BERRYVILLE,22
NEW RICHMOND,12
HATTIESBURG,22
HALLANDALE,15
MCKENNEY,6
NEW ULM,13
MACON,50
IRON RIVER,11
OLD FORGE,3
ELDRED,1
SOUTHPORT,7
JOHNSON CITY,25
NEW LENOX,19
WHITMAN,11
BATTLE CREEK,44
SEASIDE,10
EAST MEADOW,13
TAMMS,9
SWANSEA,3
WEWOKA,4
REEDS SPRING,8
DERWOOD,2
CLARA CITY,6
LORDSBURG,4
HESSTON,1
WINTERS,3
NORTH BRANCH,1
IRVING,82
ANNAPOLIS,27
ST LOUIS,33
WINTER,11
JANESVILLE,31
MILES CITY,11
LINDALE,7
RANCHO DOMINGUEZ,10
BEAVER FALLS,11
OREGON CITY,13
KIMBERLY,8
CABO ROJO,22
38,1
DRIPPING SPRINGS,8
HADDON TWP,5
NORTHBORO,8
BELVIDERE,2
CALERA,11
MINSTER,11
LAS VEGAS,163
CARMICHAELS,11
FESTUS,11
ST AUGUSTINE,6
ROCK ISLAND,25
ROYAL OAK,9
STATESVILE,1
TEWKSBURY,19
LOUISVILE,1
DICKINSON,8
OGDENSBURG,5
TUNKHANNOCK,5
WEST WAREHAM,2
WALKER,1
WAUMATOSA,1
WITHEE,1
MISSOULA,52
TEXARKANA,59
BERKELEY,13
FREDERICK,25
MANY,17
MARINGOUIN,9
SILEX,10
STRAFFORD,1
LA PLATA,10
SANTA ANA,75
LANDOVER,5
HERMANTOWN,11
CROSBYTON,8
TRIVOLI,8
BRIDGEVILLE,6
PORT GIBSON,2
DAINGERFIELD,11
HEAVENER,11
BLUFFTON,16
KEWANEE,31
LONG PRAIRIE,11
ATMORE,11
KEENE,14
HILLSIDE,5
ROCK VALLEY,15
MARLBORO,1
PITTSBURG,17
NAPERVILLE,41
RADCLIFFE,8
"",107
NORTH GARDEN,7
BUENA VISTA,8
POULSBO,6
SAINTE GENEVIEVE,4
STANFORD,3
STARKVILLE,5
BLUE ISLAND,8
BROOKSTON,11
NICHOLASVILLE,13
FARMINGTON HILLS,62
BLAINE,8
PEMBROKE,22
PALOS HEIGHTS,7
LE SUEUR,3
ROSLINDALE,11
IRONTON,16
TINLEY PARK,7
WOOD RIVER,15
LOVES PARK,15
THOMSATON,1
WINCHENDON,1
CASTILE,8
ENDERLIN,1
EVANSDALE,7
HERNANDO,1
EDGEWOOD AREA,1
SIOUX FALLS,160
HAWLEY,16
BUCHANAN,12
ONTARIO,38
MCFARLAND,11
SCHOOLCRAFT,11
NAPOLEON,4
LENNOX,10
AUSTIN,256
BREESE,11
LYNDON,11
EUDORA,2
WINSTED,11
THE DALLES,3
TORRANCE,37
ROCK HILL,28
OLD HICKORY,11
SHERMAN OAKS,15
NEBRASKA CITY,12
THOUSAND OAKS,9
LONE TREE,4
Plymouth,1
CATONSVILLE,6
BALLSTON SPA,21
MOUNT HOPE,10
ANSON,11
GRAND FORKS,22
PLEASANTON,51
ROCKVILLE,94
DUBUQUE,101
SLEEPY HOLLOW,1
BYRON CENTER,3
SAINT LOUIS,182
HERCULES,3
ARCHBOLD,11
SPEER,11
EAU CLAIRE,26
LINCOLN PARK,18
KENNEWICK,13
LOGANSPORT,11
FORT LEWIS,5
KATY,23
CAROLINA,13
OAK LAWN,18
CHEERY HILL,1
ZEBULON,8
BIRD IN HAND,3
WARMINISTER,1
KENBRIDGE,3
LA FAYETTE,5
WOODVILLE,4
WAVERLY,50
HAZLEHURST,11
LEADVILLE,3
BERNE,11
WESTCLIFFE,4
HAUPPAUGE,43
SHIPMAN,5
OLD FORT,11
MUKWONAGO,11
ST ALBANS,3
THORNTON,15
SAYREVILLE,10
CANON CITY,7
SALILSBURY,1
PORLTAND,1
NEW BOSTON,2
HAMLIN,5
MIDDLEBURG,10
KEARNEY,22
BERWYN,15
HUDSONVILLE,15
WEST ORANGE,16
SOUTHFIELD,66
BYNUM,4
AGOURA HILLS,7
MERCER ISLAND,1
JULESBURG,7
IPWICH,1
CHILLICOTHE,28
LANSING,78
YARDVILLE,1
SEATTLE,173
TOPEKA,147
FULTON,47
ARLINGTON HEIGHTS,42
HARTLAND,11
WEST BLOOMFIELD,8
BRIDGEVIEW,21
HOLBROOK,9
LAKE ZURICH,4
MAPLE GROVE,41
BOOTHWYN,4
SHREWSBURY,34
CALUMET CITY,10
SAINT CROIX FALLS,8
SUN CITY WEST,1
ISELIN,12
PWAUKEE,3
HOLLY HILL,22
STUART,30
VERO BEACH,15
SPEARFISH,5
REDMOND,9
WHITE CASTLE,10
GERMAN VALLEY,11
GUTTENBERG,11
TRACY,5
ENFIELD,11
MONTCLAIR,7
CAPITOLA,11
HAMPDEN,22
SRPINGFIELD,1
RICHLAND,19
WILISTON,2
LONG ISLAND,3
TRAVERSE CITY,4
KENTON,1
COOPER CITY,1
MATTOON,11
BREWSTER,12
HAGER CITY,11
FOREST LAKE,3
INDIANA,31
RAYVILLE,11
EMINENCE,5
COLLEYVILLE,10
KENSINGTON,30
MTN HOME,3
PINEVILLE,18
MILLERSVILLE,10
ANTIOCH,19
ALTENBURG,9
HALLSVILLE,1
LA PORTE CITY,10
PALM HARBOR,3
RICHMOND HEIGHTS,4
LENEXA,46
JOLIET,42
WHITEVILLE,5
FINCASTLE,11
YALE,9
PINE CITY,2
JERSEY CITY,22
OAK PARK,11
KALAMAZOO,73
EAST AURORA,7
EMPORIA,9
SCAPPOOSE,2
EDGARTOWN,8
PALMERTON,11
NEWARK,105
SOUTH ST PAUL,3
PALATINE,47
FORT DODGE,16
BETHESDA,70
GREENSBORO,93
GADSDEN,35
MAPLESVILLE,8
PEOTONE,4
MOUND CITY,4
GORHAM,15
MUNSTER,26
CORDOVA,33
NEWPORT BEACH,26
PONTOON BEACH,3
NORTH LAUDERDALE,3
CROSBY,1
OKLAHAOMA CITY,1
BELLE FOURCHE,6
HERRIN,5
LYNNVILLE,11
MILTON,45
OLNEY,22
CLANTON,11
PHOENIXVILLE,22
ASHBURN,1
MARINE ON ST CROIX,3
PLEASANT HILL,18
ELBERTON,11
MAZOMANIE,11
COUNTRYSIDE,13
MELBOURNE,25
OJAI,10
JARRETTSVILLE,11
CARSON CITY,11
2600 DOUGLAS RD,1
RINCON,11
BROOTEN,10
MILLBURN,6
EUSTIS,2
BALLWIN,3
PINCKNEYVILLE,4
PACE,2
WAHOO,22
ANDREWS,11
PORTAGE,17
ST PETERSBURG,11
WEST SACRAMENTO,10
PLEASANTVILLE,4
NORTH METRO,2
MCCALL,3
MAPLE HILL,7
SAINT AUGUSTINE,7
SO,1
RICE LAKE,1
RONAN,2
LEAVENWORTH,38
DEKALB,17
INDIANAPOLIS,165
SAUK CENTRE,22
UNION,40
BRADENTON,22
BOSTON,120
LEPANTO,7
GRETNA,4
HUXLEY,3
BERKELEY SPRINGS,11
ADAIR,5
WARE,18
EAST WEYMOUTH,11
CARY,19
PURCEL,1
PELHAM,1
PELASANTON,1
BIG SPRING,2
WAUPUN,11
ELK RIVER,19
DULUTH,127
FT,46
HOVEN,11
SHEPHERDSVILLE,11
CHEYENNE WELLS,11
WHITESVILLE,11
CONCORD,58
SUNRISE BEACH,5
OCONTO FALLS,12
NEW CANAAN,11
RAYNHAM,12
HYDE PARK,16
DOWNEY,37
LATHRUP VILLAGE,11
GREENVIEW,2
SO PORTLAND,1
YARMOUTHPORT,2
SAINT PETERS,7
ROSEMONT,13
PETERSBURG,33
FORT HOOD,8
SENECA,24
BUFFALO,111
MADISON,186
VALLEY,11
MANDAN,17
MUSTANG,4
TOWNSHIP OF WASHINGTON,11
REDLANDS,26
LUTZ,12
SHORELINE,5
TOWN AND COUNTRY,14
DANVERS,24
MONTEBELLO,22
WASILLA,3
SOUTH PORTLAND,40
PETALUMA,11
ESTELLINE,10
BUCKSPORT,9
PARMA HEIGHTS,9
NEWHALL,9
ORCHARD PARK,8
OFALLON,6
WAUSA,2
HENDERSON,114
BATON ROUGE,215
ANNISTON,28
MERCED,24
ELMHURST,23
PIEDMONT,11
SALISBURY,27
DIXON,19
GRIDLEY,11
RED OAK,11
CRAWFORDVILLE,3
ALPHARETTA,53
WETUMPKA,11
WARWICK,36
ROANOKE RAPIDS,11
DEPTFORD,11
ISLEIN,1
WAILUKU,4
COLLINS,16
BEDORD,1
GREENCASTLE,12
ST,180
NATCHEZ,7
GRUNDY,22
ANAHUAC,19
PRESTON,11
CLINTON TOWNSHIP,44
GRAFTON,18
IOWA CITY,30
BEMENT,11
LUCEDALE,11
ANDOVER,38
PEARLAND,16
GRESHAM,10
WESTFIELD,13
ST JOHNS,8
MIDDLE VILLAGE,4
MENLO PARK,29
MILLER,8
CREVE COEUR,18
OKLAHAOM CITY,1
HONOLULU,278
YAKIMA,39
BEECHER,11
ROMNEY,22
MARION,113
GURNEE,25
NEWPORT NEWS,50
FRANCESVILLE,11
LINDSTROM,11
WILLIAMSTOWN,40
HOWARD LAKE,5
ORANGE PARK,7
BETHEL PARK,11
OAK RIDGE,68
LAKE SUCCESS,21
MOSS POINT,11
RANCOCAS,4
PAYSON,1
GALENA PARK,11
HORSHAM,29
CASCADE,10
WILLOUGHBY HILLS,1
ELKADER,7
HOPKINS,5
HUDSON,35
EBENSBURG,5
CHATSWORTH,42
RESTON,59
HINCKLEY,11
APPOMATTOX,11
ELIZABETH CITY,4
BILOXI,42
GLENVIEW,11
ROSSVILLE,2
INDIANOLA,25
SANTURCE,5
GRAPEVINE,24
CARLISLE,12
SUN VALLEY,7
REXBURG,10
W LONG BRANCH,3
WICKENBURG,2
PONCA,8
ROCK SPRINGS,1
CHESTNUT HILL,1
HAMILTON,85
WALLA WALLA,24
LENOX,8
BOISE,74
ROGERS,32
LAMPASAS,11
JORDAN,10
MARKSVILLE,11
WESTWOOD,6
BEAVERTON,29
UPPER DARBY,16
WEST MIFFLIN,4
MIRAMAR BEACH,2
BRYAN,13
GEMANTOWN,2
MOSINEE,10
RYE,7
KEMP,10
SACRAMENTO,151
PHILADELPHIA,223
NORTHFIELD,33
SUITE 200 SOUTH,3
CONYERS,13
WINDER,11
MOORESVILLE,21
LAOTTO,11
SANTA ISABEL,7
STEPHENVILLE,5
GOOD HOPE,7
WEST HARTFORD,3
ROCKPORT,18
WINFIELD,17
MCGREGOR,9
PAWHUSKA,19
MILLBURY,33
OAKLAND PARK,10
HOLLAND,43
AILEY,4
GRAND PRAIRIE,15
CUERO,11
WILMERDING,17
WEEPING WATER,3
CUMMING,24
DENBAR,1
LONE STAR,10
BELLFLOWER,2
LA JOYA,7
SPARKS,2
CANUTE,3
BAILEY,1
THORNTOWN,11
TULSA,263
BROOKFIELD,117
BORGER,4
BRONX,26
VIENNA,52
FREMONT,33
MIDDLEBURY,29
ALMA,31
REFORM,11
SANTA CLARITA,9
SCHENECTADY,3
CUMBERLAND,38
FLORHAM PARK,8
DEL MAR,1
PONCE,18
HATILLO,9
CANOGA PARK,1
MUNITH,11
SIERRA VISTA,9
SAINT JOHNS,10
WES PATTERSON,1
ELK CITY,4
CINCINNAT,2
JOINT BASE LEWIS,1
GOODLAND,11
DEMOTTE,11
ELIZABETHTOWN,36
DAWSON,22
FROSTPROOF,11
ST MARTINVILLE,3
ORLEANS,3
GRAND HAVEN,2
DAWSONVILLE,15
ALLISON PARK,10
SEWELL,15
SEMINOLE,11
MENDOTA HEIGHTS,11
VADNAIS HEIGHTS,3
WALLKILL,11
MOUNTAIN GROVE,10
BELLWOOD,11
RUTHER GLEN,6
Cincinnati,1
PIERCE,8
PEKIN,10
RIVERSIDE,45
CHELSEA,40
HANOVER PARK,7
LAKEVILLE,38
LONG LAKE,10
CROSS PLAINS,16
TOULON,11
BRANTLEY,9
KENDALLVILLE,11
HAWKINSVILLE,11
BIG BEAR LAKE,8
CLAREMONT,7
LEEDS,10
COUER D ALENE,1
SANDY SPRINGS,6
WAYCROSS,14
LOWER BURRELL,4
BARTLESVILLE,11
ALBQUERQUE,1
BAY CITY,43
BRANDYWINE HUNDRED,2
GIBBSTOWN,1
BRIDGEPORT,28
NORTH ST PAUL,2
SHEFFIELD,15
OAK BROOK,54
TAYLORSVILLE,22
WINCHESTER,74
NIXON,8
MUNCY,16
TALLASSEE,11
SHALLOWATER,10
GASTONIA,19
DALEVILLE,17
BOTHELL,2
LEMAY,3
LUTHERVILLE TIMONIUM,4
NORTH LIBERTY,1
MARCELINE,1
OAK CREEK,11
RICH HILL,10
ALEDO,7
UMATILLA,11
IDAHO FALLS,52
MUSCLE SHOALS,27
LAWRENCEBURG,22
COMMERCE,5
FULELRTON,1
OREM,42
CENTRAL FALLS,9
COLTON,4
PINE BROOK,10
CLOVERDALE,10
OLD TOWN,10
SAINT FRANCIS,8
STANTON,11
WATERMAN,3
CEDARHURST,2
BLISSFIELD,1
BONITA SPRINGS,1
CHAROLETTE,1
EL PASO,123
ADA,36
FLOWER MOUND,6
HALLOCK,2
VALDOSTA,58
ST PETERS,3
NEW GLARUS,11
PONTIAC,23
SANTA BARBARA,48
NORTH RICHLAND HILLS,7
EDEN PRAIRIE,26
NAPA,10
PAWLEYS ISLAND,14
SIDMAN,11
WESTERVILLE,7
WOODSIDE,1
TEMPLE,30
FORT COLLINS,41
LOS ANGELES,336
EFFINGHAM,11
OLD MONROE,11
NEW HAMPTON,7
OCONOMOWOC,11
TREYNOR,8
HICKORY HILLS,11
UNIVERSITY PLACE,3
GLEN CARBON,2
LA HABRA,19
APPLE VALLEY,17
FARMIGTON,1
BETHALTO,11
NORWELL,16
AGUAS BUENAS,10
CALIENTE,9
PONTE VEDRA BEACH,6
CREIGHTON,1
BRUCE,8
CAYEY,7
MR,3
MINERAL WELLS,1
POLSON,1
